key,key:project,key:user-stories
project-userStrory01,project-01,userStory-01
project-userStrory02,project-01,userStory-02
project-userStrory03,project-01,userStory-03
project-userStrory04,project-02,userStory-01
project-userStrory05,project-03,userStory-01
project-userStrory06,project-04,userStory-01
project-userStrory07,project-12,userStory-01
project-userStrory08,project-06,userStory-01
project-userStrory09,project-07,userStory-01
project-userStrory10,project-08,userStory-01
project-userStrory11,project-09,userStory-01
project-userStrory12,project-15,userStory-01
project-userStrory13,project-11,userStory-01
